year_month,enrol_count,roll_mean,roll_std,z,state,anomaly
2025-02-01,1.0,,,,100000,False
2025-03-01,1.0,,,,100000,False
2025-08-01,1.0,1.0,0.0,,100000,False
2025-09-01,1.0,1.0,0.0,,100000,False
2025-11-01,1.0,1.0,0.0,,100000,False
2025-12-01,1.0,1.0,0.0,,100000,False
2025-01-01,5.0,,,,Andaman & Nicobar Islands,False
2025-02-01,1.0,,,,Andaman & Nicobar Islands,False
2025-03-01,1.0,2.3333333333333335,1.8856180831641267,-0.7071067811865476,Andaman & Nicobar Islands,False
2025-04-01,5.0,3.0,2.0,1.0,Andaman & Nicobar Islands,False
2025-05-01,1.0,2.6,1.9595917942265424,-0.8164965809277261,Andaman & Nicobar Islands,False
2025-06-01,0.0,2.1666666666666665,2.034425935955617,-1.0650014966747525,Andaman & Nicobar Islands,False
2025-07-01,0.0,1.3333333333333333,1.6996731711975952,-0.784464540552736,Andaman & Nicobar Islands,False
2025-08-01,1.0,1.3333333333333333,1.6996731711975952,-0.19611613513818396,Andaman & Nicobar Islands,False
2025-09-01,2.0,1.5,1.7078251276599334,0.2927700218845599,Andaman & Nicobar Islands,False
2025-10-01,0.0,0.6666666666666666,0.7453559924999306,-0.8944271909999151,Andaman & Nicobar Islands,False
2025-11-01,2.0,0.8333333333333334,0.8975274678557512,1.2998673672393621,Andaman & Nicobar Islands,False
2025-12-01,2.0,1.1666666666666667,0.8975274678557512,0.9284766908852586,Andaman & Nicobar Islands,False
2025-01-01,10.0,,,,Andaman And Nicobar Islands,False
2025-02-01,6.0,,,,Andaman And Nicobar Islands,False
2025-03-01,7.0,7.666666666666667,1.699673171197595,-0.39223227027636826,Andaman And Nicobar Islands,False
2025-04-01,8.0,7.75,1.4790199457749043,0.16903085094570328,Andaman And Nicobar Islands,False
2025-05-01,3.0,6.8,2.3151673805580453,-1.641350008604584,Andaman And Nicobar Islands,False
2025-06-01,0.0,5.666666666666667,3.299831645537222,-1.7172593257387583,Andaman And Nicobar Islands,False
2025-07-01,0.0,4.0,3.214550253664318,-1.2443420336765105,Andaman And Nicobar Islands,False
2025-08-01,8.0,4.333333333333333,3.496029493900505,1.0488088481701516,Andaman And Nicobar Islands,False
2025-09-01,6.0,4.166666666666667,3.3870669054835956,0.5412746144356352,Andaman And Nicobar Islands,False
2025-10-01,6.0,3.8333333333333335,3.077697552103231,0.7039894693960471,Andaman And Nicobar Islands,False
2025-11-01,3.0,3.8333333333333335,3.077697552103231,-0.27076518053694126,Andaman And Nicobar Islands,False
2025-12-01,2.0,4.166666666666667,2.733536577809454,-0.7926239891046003,Andaman And Nicobar Islands,False
2025-01-01,1100.0,,,,Andhra Pradesh,False
2025-02-01,1123.0,,,,Andhra Pradesh,False
2025-03-01,1060.0,1094.3333333333333,26.029897340472825,-1.3189961099058873,Andhra Pradesh,False
2025-04-01,982.0,1066.25,53.611449336872035,-1.5714926763238215,Andhra Pradesh,False
2025-05-01,531.0,959.2,219.40410205827968,-1.9516499280686126,Andhra Pradesh,False
2025-06-01,997.0,965.5,200.78242784998227,0.15688623918590983,Andhra Pradesh,False
2025-07-01,125.0,803.0,358.6535003779182,-1.8904039672987492,Andhra Pradesh,False
2025-08-01,1209.0,817.3333333333334,372.6028567910999,1.0511638854295067,Andhra Pradesh,False
2025-09-01,1144.0,831.3333333333334,382.893660897586,0.8165887780270584,Andhra Pradesh,False
2025-10-01,1040.0,841.0,387.2824120285695,0.5138369154376159,Andhra Pradesh,False
2025-11-01,990.0,917.5,363.0687492289397,0.19968669887995177,Andhra Pradesh,False
2025-12-01,1079.0,931.1666666666666,367.32248169089183,0.40246198014565754,Andhra Pradesh,False
2025-01-01,31.0,,,,Arunachal Pradesh,False
2025-02-01,34.0,,,,Arunachal Pradesh,False
2025-03-01,30.0,31.666666666666668,1.6996731711975952,-0.9805806756909207,Arunachal Pradesh,False
2025-04-01,26.0,30.25,2.8613807855648994,-1.4852968963237645,Arunachal Pradesh,False
2025-05-01,27.0,29.6,2.870540018881465,-0.9057529185791033,Arunachal Pradesh,False
2025-06-01,16.0,27.333333333333332,5.705747589541231,-1.9863012086457519,Arunachal Pradesh,False
2025-07-01,11.0,24.0,7.979139469057217,-1.6292483732629914,Arunachal Pradesh,False
2025-08-01,32.0,23.666666666666668,7.586537784494029,1.0984369379093668,Arunachal Pradesh,False
2025-09-01,30.0,23.666666666666668,7.586537784494029,0.8348120728111187,Arunachal Pradesh,False
2025-10-01,25.0,23.5,7.544313531837518,0.19882524681270172,Arunachal Pradesh,False
2025-11-01,27.0,23.5,7.544313531837518,0.46392557589630407,Arunachal Pradesh,False
2025-12-01,27.0,25.333333333333332,6.79869268479038,0.24514516892273022,Arunachal Pradesh,False
2025-01-01,1048.0,,,,Assam,False
2025-02-01,547.0,,,,Assam,False
2025-03-01,499.0,698.0,248.26195842295292,-0.8015726664855052,Assam,False
2025-04-01,509.0,650.75,230.05040208615154,-0.6161693207861296,Assam,False
2025-05-01,449.0,610.4,221.02271376489793,-0.7302416898730205,Assam,False
2025-06-01,499.0,591.8333333333334,205.9922463481467,-0.4506642117802634,Assam,False
2025-07-01,220.0,453.8333333333333,108.40113263040905,-2.1571115325019914,Assam,False
2025-08-01,544.0,453.3333333333333,107.97633485578619,0.8396901671811847,Assam,False
2025-09-01,545.0,461.0,112.48555462813871,0.7467625534469033,Assam,False
2025-10-01,529.0,464.3333333333333,114.14269821392666,0.5665422990568191,Assam,False
2025-11-01,488.0,470.8333333333333,114.1948870231159,0.15032780463447304,Assam,False
2025-12-01,451.0,462.8333333333333,113.62132526755501,-0.10414711591744095,Assam,False
2025-01-01,1176.0,,,,Bihar,False
2025-02-01,887.0,,,,Bihar,False
2025-03-01,878.0,980.3333333333334,138.40600500781107,-0.7393706171026184,Bihar,False
2025-04-01,841.0,945.5,134.19109508458453,-0.7787401983278445,Bihar,False
2025-05-01,604.0,877.2,181.83882973666545,-1.5024293787836274,Bihar,False
2025-06-01,880.0,877.6666666666666,165.99866130651645,0.014056338255793957,Bihar,False
2025-07-01,431.0,753.5,174.80346106413347,-1.8449291452054162,Bihar,False
2025-08-01,893.0,754.5,175.5797539581373,0.7888153211162486,Bihar,False
2025-09-01,891.0,756.6666666666666,177.16345246378813,0.7582451767854933,Bihar,False
2025-10-01,888.0,764.5,181.70007338101627,0.6796915251708593,Bihar,False
2025-11-01,863.0,807.6666666666666,168.74602875985627,0.32790895133940395,Bihar,False
2025-12-01,880.0,807.6666666666666,168.74602875985627,0.42865206289548585,Bihar,False
2025-01-01,13.0,,,,Chandigarh,False
2025-02-01,11.0,,,,Chandigarh,False
2025-03-01,7.0,10.333333333333334,2.4944382578492945,-1.336306209562122,Chandigarh,False
2025-04-01,10.0,10.25,2.165063509461097,-0.11547005383792514,Chandigarh,False
2025-05-01,11.0,10.4,1.9595917942265426,0.30618621784789707,Chandigarh,False
2025-06-01,15.0,11.166666666666666,2.4776781245530843,1.5471474261915188,Chandigarh,False
2025-07-01,9.0,10.5,2.4324199198877374,-0.6166698388447784,Chandigarh,False
2025-08-01,14.0,11.0,2.7688746209726918,1.0834726777719228,Chandigarh,False
2025-09-01,13.0,12.0,2.1602468994692865,0.46291004988627577,Chandigarh,False
2025-10-01,10.0,12.0,2.1602468994692865,-0.9258200997725515,Chandigarh,False
2025-11-01,13.0,12.333333333333334,2.1343747458109497,0.31234752377721187,Chandigarh,False
2025-12-01,13.0,12.0,1.8257418583505534,0.5477225575051662,Chandigarh,False
2025-04-01,0.0,,,,Chhatisgarh,False
2025-01-01,292.0,,,,Chhattisgarh,False
2025-02-01,290.0,,,,Chhattisgarh,False
2025-03-01,272.0,284.6666666666667,8.993825042154702,-1.408373701656093,Chhattisgarh,False
2025-04-01,255.0,277.25,15.022899187573621,-1.4810723098244822,Chhattisgarh,False
2025-05-01,167.0,255.2,46.1016268693416,-1.913164588528969,Chhattisgarh,False
2025-06-01,253.0,254.83333333333334,42.0928207127481,-0.04355453738404624,Chhattisgarh,False
2025-07-01,74.0,218.5,75.30991523918568,-1.9187380511724828,Chhattisgarh,False
2025-08-01,296.0,219.5,76.28619359578332,1.0028026880637089,Chhattisgarh,False
2025-09-01,313.0,226.33333333333334,82.28338565929063,1.0532705475383062,Chhattisgarh,False
2025-10-01,288.0,231.83333333333334,85.07137526153487,0.6602299127525976,Chhattisgarh,False
2025-11-01,280.0,250.66666666666666,81.04662581227892,0.3619315799929232,Chhattisgarh,False
2025-12-01,300.0,258.5,83.13793758968684,0.4991704293269361,Chhattisgarh,False
2025-01-01,1.0,,,,Dadra & Nagar Haveli,False
2025-02-01,1.0,,,,Dadra & Nagar Haveli,False
2025-03-01,1.0,1.0,0.0,,Dadra & Nagar Haveli,False
2025-04-01,0.0,0.75,0.4330127018922193,-1.7320508075688774,Dadra & Nagar Haveli,False
2025-05-01,1.0,0.8,0.4,0.4999999999999999,Dadra & Nagar Haveli,False
2025-06-01,1.0,0.8333333333333334,0.37267799624996495,0.4472135954999578,Dadra & Nagar Haveli,False
2025-08-01,1.0,0.8333333333333334,0.37267799624996495,0.4472135954999578,Dadra & Nagar Haveli,False
2025-09-01,1.0,0.8333333333333334,0.37267799624996495,0.4472135954999578,Dadra & Nagar Haveli,False
2025-10-01,1.0,0.8333333333333334,0.37267799624996495,0.4472135954999578,Dadra & Nagar Haveli,False
2025-11-01,0.0,0.8333333333333334,0.37267799624996495,-2.23606797749979,Dadra & Nagar Haveli,False
2025-12-01,0.0,0.6666666666666666,0.4714045207910317,-1.414213562373095,Dadra & Nagar Haveli,False
2025-01-01,3.0,,,,Dadra And Nagar Haveli,False
2025-02-01,2.0,,,,Dadra And Nagar Haveli,False
2025-03-01,2.0,2.3333333333333335,0.4714045207910317,-0.7071067811865478,Dadra And Nagar Haveli,False
2025-04-01,2.0,2.25,0.43301270189221935,-0.5773502691896257,Dadra And Nagar Haveli,False
2025-05-01,2.0,2.2,0.4,-0.5000000000000004,Dadra And Nagar Haveli,False
2025-06-01,1.0,2.0,0.5773502691896258,-1.732050807568877,Dadra And Nagar Haveli,False
2025-07-01,0.0,1.5,0.7637626158259734,-1.9639610121239313,Dadra And Nagar Haveli,False
2025-08-01,3.0,1.6666666666666667,0.9428090415820635,1.414213562373095,Dadra And Nagar Haveli,False
2025-09-01,4.0,2.0,1.2909944487358058,1.5491933384829666,Dadra And Nagar Haveli,False
2025-10-01,3.0,2.1666666666666665,1.343709624716425,0.6201736729460423,Dadra And Nagar Haveli,False
2025-11-01,3.0,2.3333333333333335,1.3743685418725538,0.48507125007266577,Dadra And Nagar Haveli,False
2025-12-01,4.0,2.8333333333333335,1.3437096247164253,0.8682431421244589,Dadra And Nagar Haveli,False
2025-01-01,1.0,,,,Dadra And Nagar Haveli And Daman And Diu,False
2025-02-01,1.0,,,,Dadra And Nagar Haveli And Daman And Diu,False
2025-03-01,3.0,1.6666666666666667,0.9428090415820634,1.414213562373095,Dadra And Nagar Haveli And Daman And Diu,False
2025-04-01,2.0,1.75,0.8291561975888501,0.3015113445777636,Dadra And Nagar Haveli And Daman And Diu,False
2025-05-01,1.0,1.6,0.8,-0.7500000000000001,Dadra And Nagar Haveli And Daman And Diu,False
2025-06-01,1.0,1.5,0.7637626158259734,-0.6546536707079771,Dadra And Nagar Haveli And Daman And Diu,False
2025-07-01,0.0,1.3333333333333333,0.9428090415820635,-1.414213562373095,Dadra And Nagar Haveli And Daman And Diu,False
2025-08-01,2.0,1.5,0.9574271077563382,0.5222329678670935,Dadra And Nagar Haveli And Daman And Diu,False
2025-09-01,4.0,1.6666666666666667,1.247219128924647,1.8708286933869707,Dadra And Nagar Haveli And Daman And Diu,False
2025-10-01,3.0,1.8333333333333333,1.3437096247164249,0.8682431421244593,Dadra And Nagar Haveli And Daman And Diu,False
2025-11-01,3.0,2.1666666666666665,1.3437096247164249,0.6201736729460424,Dadra And Nagar Haveli And Daman And Diu,False
2025-12-01,4.0,2.6666666666666665,1.3743685418725538,0.9701425001453319,Dadra And Nagar Haveli And Daman And Diu,False
2025-01-01,0.0,,,,Daman & Diu,False
2025-02-01,1.0,,,,Daman & Diu,False
2025-03-01,0.0,0.3333333333333333,0.4714045207910317,-0.7071067811865475,Daman & Diu,False
2025-04-01,1.0,0.5,0.5,1.0,Daman & Diu,False
2025-05-01,0.0,0.4,0.4898979485566356,-0.8164965809277261,Daman & Diu,False
2025-06-01,0.0,0.3333333333333333,0.4714045207910317,-0.7071067811865475,Daman & Diu,False
2025-08-01,0.0,0.3333333333333333,0.4714045207910317,-0.7071067811865475,Daman & Diu,False
2025-09-01,0.0,0.16666666666666666,0.37267799624996495,-0.4472135954999579,Daman & Diu,False
2025-10-01,0.0,0.16666666666666666,0.37267799624996495,-0.4472135954999579,Daman & Diu,False
2025-11-01,0.0,0.0,0.0,,Daman & Diu,False
2025-12-01,1.0,0.16666666666666666,0.37267799624996495,2.23606797749979,Daman & Diu,False
2025-01-01,1.0,,,,Daman And Diu,False
2025-02-01,1.0,,,,Daman And Diu,False
2025-03-01,1.0,1.0,0.0,,Daman And Diu,False
2025-04-01,0.0,0.75,0.4330127018922193,-1.7320508075688774,Daman And Diu,False
2025-05-01,0.0,0.6,0.4898979485566356,-1.2247448713915892,Daman And Diu,False
2025-06-01,0.0,0.5,0.5,-1.0,Daman And Diu,False
2025-07-01,0.0,0.3333333333333333,0.4714045207910317,-0.7071067811865475,Daman And Diu,False
2025-08-01,1.0,0.3333333333333333,0.4714045207910317,1.4142135623730951,Daman And Diu,False
2025-09-01,2.0,0.5,0.7637626158259734,1.9639610121239313,Daman And Diu,False
2025-10-01,0.0,0.5,0.7637626158259734,-0.6546536707079771,Daman And Diu,False
2025-11-01,2.0,0.8333333333333334,0.8975274678557508,1.2998673672393628,Daman And Diu,False
2025-12-01,2.0,1.1666666666666667,0.8975274678557508,0.9284766908852591,Daman And Diu,False
2025-01-01,175.0,,,,Delhi,False
2025-02-01,97.0,,,,Delhi,False
2025-03-01,94.0,122.0,37.49666651850535,-0.7467330458877309,Delhi,False
2025-04-01,91.0,114.25,35.13812032536743,-0.6616745513053246,Delhi,False
2025-05-01,60.0,103.4,38.19214578941592,-1.1363592985662336,Delhi,False
2025-06-01,101.0,103.0,34.875970715283806,-0.05734607407281523,Delhi,False
2025-07-01,68.0,85.16666666666667,15.442545846531338,-1.1116474470770374,Delhi,False
2025-08-01,94.0,84.66666666666667,15.095989165632338,0.6182657678757267,Delhi,False
2025-09-01,101.0,85.83333333333333,16.014750145482207,0.9470436022347323,Delhi,False
2025-10-01,95.0,86.5,16.29672768789285,0.5215771020285754,Delhi,False
2025-11-01,98.0,92.83333333333333,11.422443793786972,0.4523258560026345,Delhi,False
2025-12-01,100.0,92.66666666666667,11.308796969124929,0.6484627280297508,Delhi,False
2025-01-01,26.0,,,,Goa,False
2025-02-01,28.0,,,,Goa,False
2025-03-01,23.0,25.666666666666668,2.054804667656326,-1.2977713690461006,Goa,False
2025-04-01,27.0,26.0,1.8708286933869709,0.5345224838248487,Goa,False
2025-05-01,19.0,24.6,3.2619012860600187,-1.7167901505579044,Goa,False
2025-06-01,9.0,22.0,6.531972647421808,-1.9902104160113323,Goa,False
2025-07-01,1.0,17.833333333333332,9.805044053388484,-1.7168034372590066,Goa,False
2025-08-01,33.0,18.666666666666668,10.79608982713443,1.3276411703530426,Goa,False
2025-09-01,25.0,19.0,10.954451150103322,0.5477225575051661,Goa,False
2025-10-01,32.0,19.833333333333332,11.6963907063485,1.0402069298234808,Goa,False
2025-11-01,27.0,21.166666666666668,11.977989072553967,0.4870043959799288,Goa,False
2025-12-01,27.0,24.166666666666668,10.745800213209915,0.26366890106986063,Goa,False
2025-01-01,1228.0,,,,Gujarat,False
2025-02-01,792.0,,,,Gujarat,False
2025-03-01,773.0,931.0,210.15391185192502,-0.7518299260178759,Gujarat,False
2025-04-01,699.0,873.0,207.88338076912257,-0.8370077461518975,Gujarat,False
2025-05-01,103.0,719.0,359.77270602423414,-1.7121921415531351,Gujarat,False
2025-06-01,549.0,690.6666666666666,334.48102420848267,-0.4235417151149523,Gujarat,False
2025-07-01,49.0,494.1666666666667,306.2136599754419,-1.4537779493650569,Gujarat,False
2025-08-01,742.0,485.8333333333333,298.5802051189745,0.8579492621240333,Gujarat,False
2025-09-01,829.0,495.1666666666667,308.1333135006484,1.0834055219174827,Gujarat,False
2025-10-01,854.0,521.0,329.870176483618,1.0094880463270295,Gujarat,False
2025-11-01,829.0,642.0,284.36478919397405,0.6576060296707181,Gujarat,False
2025-12-01,807.0,685.0,286.54900686153724,0.4257561432029369,Gujarat,False
2025-01-01,255.0,,,,Haryana,False
2025-02-01,206.0,,,,Haryana,False
2025-03-01,218.0,226.33333333333334,20.853989759489405,-0.39960378946390057,Haryana,False
2025-04-01,199.0,219.5,21.592822881689184,-0.9493895315273528,Haryana,False
2025-05-01,224.0,220.4,19.396906969926935,0.18559660081792695,Haryana,False
2025-06-01,208.0,218.33333333333334,18.29996964174774,-0.5646639604122565,Haryana,False
2025-07-01,52.0,184.5,59.81011620119125,-2.215344299855431,Haryana,False
2025-08-01,264.0,194.16666666666666,66.78427126868189,1.0456553917071982,Haryana,False
2025-09-01,262.0,201.5,71.2641798755401,0.8489538517900679,Haryana,False
2025-10-01,261.0,211.83333333333334,74.57080900429844,0.6593285941665534,Haryana,False
2025-11-01,250.0,216.16666666666666,75.89557884942238,0.44578793450484155,Haryana,False
2025-12-01,247.0,222.66666666666666,76.5847388336751,0.31773083911900374,Haryana,False
2025-01-01,79.0,,,,Himachal Pradesh,False
2025-02-01,74.0,,,,Himachal Pradesh,False
2025-03-01,86.0,79.66666666666667,4.921607686744466,1.2868423768093324,Himachal Pradesh,False
2025-04-01,94.0,83.25,7.529110173187797,1.427791565367477,Himachal Pradesh,False
2025-05-01,141.0,94.8,24.061587645041215,1.9200728015768,Himachal Pradesh,False
2025-06-01,136.0,101.66666666666667,26.799668322989042,1.2811103823953607,Himachal Pradesh,False
2025-07-01,19.0,91.66666666666667,40.8846616172319,-1.777357664030156,Himachal Pradesh,False
2025-08-01,186.0,110.33333333333333,52.480684277381734,1.4418003063134162,Himachal Pradesh,False
2025-09-01,195.0,128.5,59.33169473392784,1.1208174702950644,Himachal Pradesh,False
2025-10-01,197.0,145.66666666666666,61.71889680010671,0.8317279795131495,Himachal Pradesh,False
2025-11-01,139.0,145.33333333333334,61.74859422601367,-0.10256643754758085,Himachal Pradesh,False
2025-12-01,156.0,148.66666666666666,61.6945882733828,0.11886509884526127,Himachal Pradesh,False
2025-01-01,1.0,,,,Jammu & Kashmir,False
2025-02-01,1.0,,,,Jammu & Kashmir,False
2025-03-01,0.0,0.6666666666666666,0.4714045207910317,-1.414213562373095,Jammu & Kashmir,False
2025-04-01,3.0,1.25,1.0897247358851685,1.6059101370939322,Jammu & Kashmir,False
2025-05-01,0.0,1.0,1.0954451150103321,-0.9128709291752769,Jammu & Kashmir,False
2025-06-01,3.0,1.3333333333333333,1.247219128924647,1.336306209562122,Jammu & Kashmir,False
2025-08-01,0.0,1.1666666666666667,1.3437096247164249,-0.8682431421244593,Jammu & Kashmir,False
2025-09-01,3.0,1.5,1.5000000000000002,0.9999999999999999,Jammu & Kashmir,False
2025-10-01,2.0,1.8333333333333333,1.343709624716425,0.1240347345892085,Jammu & Kashmir,False
2025-11-01,1.0,1.5,1.2583057392117918,-0.3973597071195131,Jammu & Kashmir,False
2025-12-01,2.0,1.8333333333333333,1.067187372905475,0.1561737618886061,Jammu & Kashmir,False
2025-01-01,187.0,,,,Jammu And Kashmir,False
2025-02-01,139.0,,,,Jammu And Kashmir,False
2025-03-01,83.0,136.33333333333334,42.49967320135794,-1.2549116102763171,Jammu And Kashmir,False
2025-04-01,137.0,136.5,36.806928695559485,0.013584398854238598,Jammu And Kashmir,False
2025-05-01,122.0,133.6,33.42813186524189,-0.34701310999857327,Jammu And Kashmir,False
2025-06-01,145.0,135.5,30.809901006007795,0.30834243830084174,Jammu And Kashmir,False
2025-07-01,26.0,108.66666666666667,42.2558345741219,-1.9563373318697381,Jammu And Kashmir,False
2025-08-01,174.0,114.5,48.05812452992036,1.23808410298983,Jammu And Kashmir,False
2025-09-01,169.0,128.83333333333334,49.333614864061566,0.8141845428790416,Jammu And Kashmir,False
2025-10-01,175.0,135.16666666666666,52.324043761501805,0.7612816301984923,Jammu And Kashmir,False
2025-11-01,162.0,141.83333333333334,52.76809852763526,0.3821753527105992,Jammu And Kashmir,False
2025-12-01,93.0,133.16666666666666,55.7237731034869,-0.7208174254832224,Jammu And Kashmir,False
2025-01-01,407.0,,,,Jharkhand,False
2025-02-01,355.0,,,,Jharkhand,False
2025-03-01,232.0,331.3333333333333,73.37725957149273,-1.3537345754450143,Jharkhand,False
2025-04-01,271.0,316.25,68.70725944177951,-0.6585912517489292,Jharkhand,False
2025-05-01,180.0,289.0,82.1389067373069,-1.3270203406602317,Jharkhand,False
2025-06-01,349.0,299.0,78.24534064935325,0.6390156855993352,Jharkhand,False
2025-07-01,166.0,258.8333333333333,74.2505144015103,-1.250271921771966,Jharkhand,False
2025-08-01,368.0,261.0,77.15784686817882,1.3867675724907842,Jharkhand,False
2025-09-01,369.0,283.8333333333333,85.06353834373195,1.0012123681302558,Jharkhand,False
2025-10-01,355.0,297.8333333333333,88.63674307093093,0.6449545040358654,Jharkhand,False
2025-11-01,362.0,328.1666666666667,72.85926311885277,0.46436557117167354,Jharkhand,False
2025-12-01,358.0,329.6666666666667,73.36363010526551,0.3862040808596759,Jharkhand,False
2025-01-01,1402.0,,,,Karnataka,False
2025-02-01,1219.0,,,,Karnataka,False
2025-03-01,1171.0,1264.0,99.52889027814989,-0.9344020589408379,Karnataka,False
2025-04-01,1108.0,1225.0,109.51027349066388,-1.0683929121040379,Karnataka,False
2025-05-01,347.0,1049.4,364.60312670080054,-1.926478267906905,Karnataka,False
2025-06-01,1146.0,1065.5,334.77691577128394,0.24045863441491513,Karnataka,False
2025-07-01,306.0,882.8333333333334,394.9385676560625,-1.4605647069538075,Karnataka,False
2025-08-01,1259.0,889.5,400.85024219359866,0.9217906367673905,Karnataka,False
2025-09-01,1210.0,896.0,405.64968466235337,0.7740669150559333,Karnataka,False
2025-10-01,1226.0,915.6666666666666,418.11986585454446,0.7422114055716552,Karnataka,False
2025-11-01,1168.0,1052.5,335.8808072317719,0.3438719852792903,Karnataka,False
2025-12-01,1145.0,1052.3333333333333,335.8346153821683,0.27592946772689064,Karnataka,False
2025-01-01,640.0,,,,Kerala,False
2025-02-01,603.0,,,,Kerala,False
2025-03-01,554.0,599.0,35.223098481914775,-1.27757074020916,Kerala,False
2025-04-01,178.0,493.75,184.83286369041627,-1.7083001025665105,Kerala,False
2025-05-01,5.0,396.0,256.0289046182091,-1.5271713191253158,Kerala,False
2025-06-01,106.0,347.6666666666667,257.4999460625618,-0.9385115234468894,Kerala,False
2025-07-01,10.0,242.66666666666666,245.03310433943864,-0.9495315634754353,Kerala,False
2025-08-01,697.0,258.3333333333333,269.36757208114136,1.6285058490059356,Kerala,False
2025-09-01,664.0,276.6666666666667,291.68571366379183,1.3279132819641233,Kerala,False
2025-10-01,637.0,353.1666666666667,315.0330229603804,0.9009637487084303,Kerala,False
2025-11-01,633.0,457.8333333333333,284.8481564311453,0.6149475175171397,Kerala,False
2025-12-01,627.0,544.6666666666666,240.28501594749702,0.34264863753020475,Kerala,False
2025-01-01,4.0,,,,Ladakh,False
2025-02-01,3.0,,,,Ladakh,False
2025-03-01,0.0,2.3333333333333335,1.699673171197595,-1.3728129459672882,Ladakh,False
2025-04-01,7.0,3.5,2.5,1.4,Ladakh,False
2025-05-01,3.0,3.4,2.244994432064365,-0.17817416127494953,Ladakh,False
2025-06-01,4.0,3.5,2.0615528128088303,0.24253562503633297,Ladakh,False
2025-07-01,1.0,3.0,2.23606797749979,-0.8944271909999159,Ladakh,False
2025-08-01,3.0,3.0,2.23606797749979,0.0,Ladakh,False
2025-09-01,4.0,3.6666666666666665,1.7950549357115013,0.18569533817705194,Ladakh,False
2025-10-01,6.0,3.5,1.5,1.6666666666666667,Ladakh,False
2025-11-01,2.0,3.3333333333333335,1.5986105077709065,-0.8340576562282992,Ladakh,False
2025-12-01,6.0,3.6666666666666665,1.8856180831641267,1.2374368670764582,Ladakh,False
2025-01-01,1.0,,,,Lakshadweep,False
2025-02-01,1.0,,,,Lakshadweep,False
2025-03-01,3.0,1.6666666666666667,0.9428090415820634,1.414213562373095,Lakshadweep,False
2025-04-01,1.0,1.5,0.8660254037844386,-0.5773502691896258,Lakshadweep,False
2025-05-01,0.0,1.2,0.9797958971132712,-1.2247448713915892,Lakshadweep,False
2025-06-01,2.0,1.3333333333333333,0.9428090415820634,0.7071067811865476,Lakshadweep,False
2025-07-01,0.0,1.1666666666666667,1.0671873729054748,-1.0932163332202425,Lakshadweep,False
2025-08-01,2.0,1.3333333333333333,1.1055415967851334,0.6030226891555273,Lakshadweep,False
2025-09-01,3.0,1.3333333333333333,1.1055415967851334,1.507556722888818,Lakshadweep,False
2025-10-01,3.0,1.6666666666666667,1.2472191289246473,1.0690449676496974,Lakshadweep,False
2025-11-01,5.0,2.5,1.5000000000000002,1.6666666666666665,Lakshadweep,False
2025-12-01,4.0,2.8333333333333335,1.5723301886761007,0.7419985160044519,Lakshadweep,False
2025-01-01,978.0,,,,Madhya Pradesh,False
2025-02-01,741.0,,,,Madhya Pradesh,False
2025-03-01,727.0,815.3333333333334,115.16461647958062,-0.7670179959223449,Madhya Pradesh,False
2025-04-01,713.0,789.75,109.13609622851645,-0.7032503695138199,Madhya Pradesh,False
2025-05-01,282.0,688.2,225.3400985177738,-1.8026086021612386,Madhya Pradesh,False
2025-06-01,650.0,681.8333333333334,206.19846157417265,-0.15438201182641922,Madhya Pradesh,False
2025-07-01,178.0,548.5,228.97361565618573,-1.6180903591806077,Madhya Pradesh,False
2025-08-01,784.0,555.6666666666666,235.4673839173674,0.9697025954705574,Madhya Pradesh,False
2025-09-01,788.0,565.8333333333334,243.81442168629448,0.9112121634565117,Madhya Pradesh,False
2025-10-01,774.0,576.0,250.90768554722806,0.7891348547899729,Madhya Pradesh,False
2025-11-01,759.0,655.5,218.65478880341655,0.47334888280472354,Madhya Pradesh,False
2025-12-01,771.0,675.6666666666666,222.75896290734428,0.42796631879179153,Madhya Pradesh,False
2025-01-01,1267.0,,,,Maharashtra,False
2025-02-01,1097.0,,,,Maharashtra,False
2025-03-01,1234.0,1199.3333333333333,73.60404578252175,0.47098860257079506,Maharashtra,False
2025-04-01,1152.0,1187.5,66.95707580233773,-0.530190417885014,Maharashtra,False
2025-05-01,440.0,1038.0,304.93868236089696,-1.9610499900182,Maharashtra,False
2025-06-01,766.0,992.6666666666666,296.25195733061787,-0.7651144948004718,Maharashtra,False
2025-07-01,248.0,822.8333333333334,372.55890660255176,-1.5429327366653705,Maharashtra,False
2025-08-01,1230.0,845.0,391.6780140200196,0.9829502454031585,Maharashtra,False
2025-09-01,1316.0,858.6666666666666,406.17511275584354,1.1259511451363629,Maharashtra,False
2025-10-01,1281.0,880.1666666666666,424.1495084938276,0.9450284046224857,Maharashtra,False
2025-11-01,1275.0,1019.3333333333334,392.7168898272082,0.6510202980553181,Maharashtra,False
2025-12-01,1340.0,1115.0,389.2505619777575,0.5780338475474235,Maharashtra,False
2025-01-01,53.0,,,,Manipur,False
2025-02-01,53.0,,,,Manipur,False
2025-03-01,45.0,50.333333333333336,3.7712361663282543,-1.4142135623730954,Manipur,False
2025-04-01,50.0,50.25,3.269174207655506,-0.07647191129018724,Manipur,False
2025-05-01,39.0,48.0,5.366563145999495,-1.6770509831248424,Manipur,False
2025-06-01,47.0,47.833333333333336,4.913134324327893,-0.16961338288819003,Manipur,False
2025-07-01,20.0,42.333333333333336,10.888321980707385,-2.0511271959908,Manipur,False
2025-08-01,47.0,41.333333333333336,10.110500592068737,0.5604734023864185,Manipur,False
2025-09-01,50.0,42.166666666666664,10.573814617041268,0.7408237818647547,Manipur,False
2025-10-01,50.0,42.166666666666664,10.573814617041268,0.7408237818647547,Manipur,False
2025-11-01,42.0,42.666666666666664,10.482790129010926,-0.0635963000748891,Manipur,False
2025-12-01,39.0,41.333333333333336,10.354816378006046,-0.22533797299287786,Manipur,False
2025-01-01,270.0,,,,Meghalaya,False
2025-02-01,70.0,,,,Meghalaya,False
2025-03-01,60.0,133.33333333333334,96.7241208569794,-0.7581700684751355,Meghalaya,False
2025-04-01,60.0,115.0,89.58236433584459,-0.6139601294045424,Meghalaya,False
2025-05-01,63.0,104.6,82.78067407311926,-0.5025327525510987,Meghalaya,False
2025-06-01,19.0,90.33333333333333,82.0257412171461,-0.8696457023715659,Meghalaya,False
2025-07-01,2.0,45.666666666666664,25.564732651751978,-1.7080822733999583,Meghalaya,False
2025-08-01,60.0,44.0,24.214320831551966,0.6607660033624208,Meghalaya,False
2025-09-01,63.0,44.5,24.56793302932364,0.7530141008573609,Meghalaya,False
2025-10-01,65.0,45.333333333333336,25.157283018817573,0.7817484365046915,Meghalaya,False
2025-11-01,59.0,44.666666666666664,24.72964932132184,0.5796011559684824,Meghalaya,False
2025-12-01,65.0,52.333333333333336,22.62496163287105,0.5598536197411133,Meghalaya,False
2025-01-01,35.0,,,,Mizoram,False
2025-02-01,26.0,,,,Mizoram,False
2025-03-01,25.0,28.666666666666668,4.4969125210773475,-0.8153742483272115,Mizoram,False
2025-04-01,22.0,27.0,4.847679857416329,-1.0314212462587933,Mizoram,False
2025-05-01,14.0,24.4,6.770524351924302,-1.536070097295217,Mizoram,False
2025-06-01,19.0,23.5,6.499999999999999,-0.6923076923076924,Mizoram,False
2025-07-01,2.0,18.0,8.185352771872449,-1.9547111097008838,Mizoram,False
2025-08-01,19.0,16.833333333333332,7.425556469981821,0.291785090508102,Mizoram,False
2025-09-01,18.0,15.666666666666666,6.5489609014628325,0.35629061899150144,Mizoram,False
2025-10-01,22.0,15.666666666666666,6.5489609014628325,0.9670745372626467,Mizoram,False
2025-11-01,15.0,15.833333333333334,6.517071598672382,-0.12786929232189123,Mizoram,False
2025-12-01,17.0,15.5,6.396613687465162,0.23449907611888585,Mizoram,False
2025-01-01,66.0,,,,Nagaland,False
2025-02-01,37.0,,,,Nagaland,False
2025-03-01,33.0,45.333333333333336,14.704496666741854,-0.8387456988737645,Nagaland,False
2025-04-01,29.0,41.25,14.566657131957216,-0.8409616488552618,Nagaland,False
2025-05-01,26.0,38.2,14.386104406683556,-0.8480405574098347,Nagaland,False
2025-06-01,22.0,35.5,14.453949863849214,-0.9340007490800049,Nagaland,False
2025-07-01,6.0,25.5,9.945685831890463,-1.9606491024956763,Nagaland,False
2025-08-01,31.0,24.5,8.995369179009092,0.7225940226186497,Nagaland,False
2025-09-01,31.0,24.166666666666668,8.706638591072652,0.7848417344829137,Nagaland,False
2025-10-01,30.0,24.333333333333332,8.80656320908194,0.6434594894887948,Nagaland,False
2025-11-01,31.0,25.166666666666668,9.154537429906307,0.6372067816640118,Nagaland,False
2025-12-01,32.0,26.833333333333332,9.334821309960299,0.5534831889233712,Nagaland,False
2025-01-01,851.0,,,,Odisha,False
2025-02-01,707.0,,,,Odisha,False
2025-03-01,674.0,744.0,76.8505042273634,-0.9108593457357667,Odisha,False
2025-04-01,723.0,738.75,67.17281816330174,-0.23446984108528343,Odisha,False
2025-05-01,563.0,703.6,92.47615908978919,-1.520391865145321,Odisha,False
2025-06-01,765.0,713.8333333333334,87.46507239400702,0.5849954189276186,Odisha,False
2025-07-01,67.0,583.1666666666666,239.10835526086404,-2.158714471117229,Odisha,False
2025-08-01,825.0,602.8333333333334,252.9376844644195,0.8783454594244876,Odisha,False
2025-09-01,815.0,626.3333333333334,264.73298917126965,0.7126677610420825,Odisha,False
2025-10-01,779.0,635.6666666666666,268.93039165470975,0.5329755869220041,Odisha,False
2025-11-01,759.0,668.3333333333334,270.02139832901315,0.33577585786809366,Odisha,False
2025-12-01,750.0,665.8333333333334,269.18297164237975,0.3126745579526679,Odisha,False
2025-01-01,79.0,,,,Orissa,False
2025-02-01,59.0,,,,Orissa,False
2025-03-01,47.0,61.666666666666664,13.199326582148887,-1.1111677990074318,Orissa,False
2025-04-01,66.0,62.75,11.583932838203095,0.28056101890384766,Orissa,False
2025-05-01,29.0,56.0,17.017637908946117,-1.5865891696876562,Orissa,False
2025-06-01,66.0,57.666666666666664,15.975675955095678,0.521626337236472,Orissa,False
2025-07-01,4.0,45.166666666666664,22.430757653028326,-1.8352775819460045,Orissa,False
2025-08-01,68.0,46.666666666666664,23.577296047021356,0.9048252730417952,Orissa,False
2025-09-01,72.0,50.833333333333336,25.406145363321496,0.8331317625705115,Orissa,False
2025-10-01,67.0,51.0,25.508168626278653,0.6272500481871801,Orissa,False
2025-11-01,55.0,55.333333333333336,23.534844144138468,-0.014163396676512723,Orissa,False
2025-12-01,77.0,57.166666666666664,24.69424134399669,0.803156211889657,Orissa,False
2025-01-01,15.0,,,,Pondicherry,False
2025-02-01,17.0,,,,Pondicherry,False
2025-03-01,14.0,15.333333333333334,1.2472191289246473,-1.0690449676496978,Pondicherry,False
2025-04-01,18.0,16.0,1.5811388300841898,1.2649110640673518,Pondicherry,False
2025-05-01,0.0,12.8,6.554387843269576,-1.952890232631531,Pondicherry,False
2025-06-01,8.0,12.0,6.244997998398398,-0.6405126152203485,Pondicherry,False
2025-07-01,1.0,9.666666666666666,7.2264944628929335,-1.1992905704375505,Pondicherry,False
2025-08-01,13.0,9.0,6.683312551921142,0.5985056016645797,Pondicherry,False
2025-09-01,20.0,10.0,7.724420150837646,1.2945955560063092,Pondicherry,False
2025-10-01,18.0,10.0,7.724420150837646,1.0356764448050473,Pondicherry,False
2025-11-01,11.0,11.833333333333334,6.309164410249234,-0.13208299532971188,Pondicherry,False
2025-12-01,12.0,12.5,6.075908711186062,-0.08229221730726041,Pondicherry,False
2025-01-01,23.0,,,,Puducherry,False
2025-02-01,18.0,,,,Puducherry,False
2025-03-01,18.0,19.666666666666668,2.357022603955159,-0.7071067811865479,Puducherry,False
2025-04-01,14.0,18.25,3.191786333700927,-1.3315427649795273,Puducherry,False
2025-05-01,3.0,15.2,6.734983296193095,-1.8114373062953206,Puducherry,False
2025-06-01,10.0,14.333333333333334,6.446359868604572,-0.6722139969935249,Puducherry,False
2025-07-01,1.0,10.666666666666666,6.72474700061067,-1.4374766315801681,Puducherry,False
2025-08-01,18.0,10.666666666666666,6.72474700061067,1.0904995136125415,Puducherry,False
2025-09-01,17.0,10.5,6.551081335677848,0.9922026100638296,Puducherry,False
2025-10-01,21.0,11.666666666666666,7.608474807008885,1.226702272147306,Puducherry,False
2025-11-01,11.0,13.0,6.608075867199671,-0.30265996338319096,Puducherry,False
2025-12-01,18.0,14.333333333333334,6.67499479816693,0.5493137863828144,Puducherry,False
2025-01-01,303.0,,,,Punjab,False
2025-02-01,251.0,,,,Punjab,False
2025-03-01,274.0,276.0,21.275964529643932,-0.09400278879076845,Punjab,False
2025-04-01,293.0,280.25,19.84155991851447,0.6425906053940232,Punjab,False
2025-05-01,321.0,288.4,24.096472770926457,1.352895102528594,Punjab,False
2025-06-01,310.0,292.0,23.423634787681156,0.7684546042131118,Punjab,False
2025-07-01,36.0,247.5,97.31863473490917,-2.173273398009691,Punjab,False
2025-08-01,387.0,270.1666666666667,110.44669403029782,1.0578255361929032,Punjab,False
2025-09-01,390.0,289.5,119.2291211631342,0.8429148769996532,Punjab,False
2025-10-01,387.0,305.1666666666667,124.70955144744217,0.6561913853713227,Punjab,False
2025-11-01,366.0,312.6666666666667,126.77232435441982,0.4207017076079499,Punjab,False
2025-12-01,359.0,320.8333333333333,127.9106676117707,0.29838532922452266,Punjab,False
2025-01-01,972.0,,,,Rajasthan,False
2025-02-01,813.0,,,,Rajasthan,False
2025-03-01,837.0,874.0,69.98571282769076,-0.5286793333247364,Rajasthan,False
2025-04-01,829.0,862.75,63.664648746380436,-0.530121514287296,Rajasthan,False
2025-05-01,655.0,821.2,100.73807621748591,-1.6498230484487988,Rajasthan,False
2025-06-01,755.0,810.1666666666666,95.21277341944317,-0.5794040514253225,Rajasthan,False
2025-07-01,397.0,714.3333333333334,154.81458444072885,-2.049763815726452,Rajasthan,False
2025-08-01,906.0,729.8333333333334,168.0103336768969,1.0485466150281881,Rajasthan,False
2025-09-01,930.0,745.3333333333334,180.97206659838113,1.0204153057304952,Rajasthan,False
2025-10-01,930.0,762.1666666666666,192.3134738447159,0.8727070962737167,Rajasthan,False
2025-11-01,912.0,805.0,192.29491239586483,0.5564369783207065,Rajasthan,False
2025-12-01,942.0,836.1666666666666,196.76755886634925,0.5378596651962264,Rajasthan,False
2025-01-01,30.0,,,,Sikkim,False
2025-02-01,28.0,,,,Sikkim,False
2025-03-01,25.0,27.666666666666668,2.054804667656326,-1.2977713690461006,Sikkim,False
2025-04-01,24.0,26.75,2.3848480035423645,-1.15311332039411,Sikkim,False
2025-05-01,16.0,24.6,4.800000000000001,-1.7916666666666667,Sikkim,False
2025-06-01,4.0,21.166666666666668,8.839620404117413,-1.9420140098629795,Sikkim,False
2025-07-01,0.0,16.166666666666668,10.714735440296955,-1.5088255567996194,Sikkim,False
2025-08-01,21.0,15.0,9.69535971483266,0.6188527477552759,Sikkim,False
2025-09-01,21.0,14.333333333333334,9.104333522498445,0.7322520259382121,Sikkim,False
2025-10-01,16.0,13.0,8.124038404635963,0.3692744729379981,Sikkim,False
2025-11-01,14.0,12.666666666666666,8.034647195462634,0.16594796272900453,Sikkim,False
2025-12-01,21.0,15.5,7.455423082115015,0.7377180261163281,Sikkim,False
2025-01-01,1585.0,,,,Tamil Nadu,False
2025-02-01,1455.0,,,,Tamil Nadu,False
2025-03-01,1446.0,1495.3333333333333,63.51027913303132,-0.7767771454758933,Tamil Nadu,False
2025-04-01,1276.0,1440.5,109.75085421079872,-1.498849381928677,Tamil Nadu,False
2025-05-01,125.0,1177.4,535.2780959463969,-1.9660808240981864,Tamil Nadu,False
2025-06-01,1241.0,1188.0,489.2143361213638,0.10833697233854532,Tamil Nadu,False
2025-07-01,199.0,957.0,568.0859676727341,-1.3343050931275116,Tamil Nadu,False
2025-08-01,1570.0,976.1666666666666,586.2153804040134,1.0129951433960496,Tamil Nadu,False
2025-09-01,1468.0,979.8333333333334,589.203817782004,0.8285191845910281,Tamil Nadu,False
2025-10-01,1485.0,1014.6666666666666,611.4416479835904,0.7692203088952095,Tamil Nadu,False
2025-11-01,1443.0,1234.3333333333333,473.5693073763216,0.44062540248380133,Tamil Nadu,False
2025-12-01,1469.0,1272.3333333333333,481.6581314122659,0.40831173365644635,Tamil Nadu,False
2025-01-01,784.0,,,,Telangana,False
2025-02-01,767.0,,,,Telangana,False
2025-03-01,762.0,771.0,9.41629792788369,-0.9557896392964647,Telangana,False
2025-04-01,746.0,764.75,13.5531361684298,-1.3834436374715686,Telangana,False
2025-05-01,260.0,663.8,202.2635903962945,-1.9964047864909138,Telangana,False
2025-06-01,660.0,663.1666666666666,184.64598259612606,-0.01714993536357106,Telangana,False
2025-07-01,67.0,543.6666666666666,276.7963551462017,-1.7220843331368834,Telangana,False
2025-08-01,789.0,547.3333333333334,279.8592900409458,0.8635291922283829,Telangana,False
2025-09-01,792.0,552.3333333333334,283.88886714503064,0.8442270705325963,Telangana,False
2025-10-01,782.0,558.3333333333334,288.2653098950494,0.7759055945652925,Telangana,False
2025-11-01,751.0,640.1666666666666,260.2943312653752,0.42580002720203924,Telangana,False
2025-12-01,756.0,656.1666666666666,263.9465960294915,0.3782330775812646,Telangana,False
2025-01-01,2.0,,,,The Dadra And Nagar Haveli And Daman And Diu,False
2025-01-01,86.0,,,,Tripura,False
2025-02-01,70.0,,,,Tripura,False
2025-03-01,68.0,74.66666666666667,8.055363982396383,-0.8276058886023684,Tripura,False
2025-04-01,67.0,72.75,7.725768570181223,-0.7442625219441595,Tripura,False
2025-05-01,13.0,60.8,24.87890672839142,-1.9213062905795366,Tripura,False
2025-06-01,55.0,59.833333333333336,22.81386030951847,-0.21185951293463284,Tripura,False
2025-07-01,10.0,47.166666666666664,25.686680508690788,-1.4469236947176478,Tripura,False
2025-08-01,68.0,46.833333333333336,25.399584423546948,0.833346967954479,Tripura,False
2025-09-01,69.0,47.0,25.54081700598736,0.8613663374528188,Tripura,False
2025-10-01,59.0,45.666666666666664,24.655402833636455,0.5407874867549584,Tripura,False
2025-11-01,59.0,53.333333333333336,20.022209890241605,0.2830190422401114,Tripura,False
2025-12-01,63.0,54.666666666666664,20.352450029964995,0.40945111380026167,Tripura,False
2025-01-01,2118.0,,,,Uttar Pradesh,False
2025-02-01,1658.0,,,,Uttar Pradesh,False
2025-03-01,1653.0,1809.6666666666667,218.0341461535071,-0.7185418863537341,Uttar Pradesh,False
2025-04-01,1651.0,1770.0,200.93406878874475,-0.5922340632295291,Uttar Pradesh,False
2025-05-01,1068.0,1629.6,333.3890220148228,-1.684518574144984,Uttar Pradesh,False
2025-06-01,1593.0,1623.5,304.6466532449246,-0.100115985766235,Uttar Pradesh,False
2025-07-01,941.0,1427.3333333333333,302.0058866240119,-1.610343886901792,Uttar Pradesh,False
2025-08-01,1683.0,1431.5,305.31390949862293,0.8237423588496362,Uttar Pradesh,False
2025-09-01,1705.0,1440.1666666666667,312.1401483664385,0.8484436709577995,Uttar Pradesh,False
2025-10-01,1670.0,1443.3333333333333,314.3515371186992,0.7210611048517869,Uttar Pradesh,False
2025-11-01,1647.0,1539.8333333333333,270.0718525791898,0.3968079814435442,Uttar Pradesh,False
2025-12-01,1687.0,1555.5,275.3759551352782,0.477528983732079,Uttar Pradesh,False
2025-01-01,129.0,,,,Uttarakhand,False
2025-02-01,100.0,,,,Uttarakhand,False
2025-03-01,148.0,125.66666666666667,19.73716179078328,1.1315372275948201,Uttarakhand,False
2025-04-01,145.0,130.5,19.03286631067428,0.761840059364464,Uttarakhand,False
2025-05-01,73.0,119.0,28.614681546367066,-1.607566379009386,Uttarakhand,False
2025-06-01,148.0,123.83333333333333,28.269044711289574,0.8548809099663502,Uttarakhand,False
2025-07-01,42.0,109.33333333333333,41.23779280654525,-1.6328064319350817,Uttarakhand,False
2025-08-01,178.0,122.33333333333333,47.98842453018112,1.160001963216286,Uttarakhand,False
2025-09-01,173.0,126.5,51.025320511813874,0.9113122570045175,Uttarakhand,False
2025-10-01,174.0,131.33333333333334,53.84442610170734,0.7924063780728782,Uttarakhand,False
2025-11-01,156.0,145.16666666666666,47.351229011387765,0.228786740270838,Uttarakhand,False
2025-12-01,148.0,145.16666666666666,47.351229011387765,0.059836532070834704,Uttarakhand,False
2025-01-01,1.0,,,,West  Bengal,False
2025-02-01,0.0,,,,West  Bengal,False
2025-04-01,1.0,0.6666666666666666,0.4714045207910317,0.7071067811865476,West  Bengal,False
2025-05-01,1.0,0.75,0.43301270189221935,0.5773502691896257,West  Bengal,False
2025-06-01,0.0,0.6,0.48989794855663565,-1.224744871391589,West  Bengal,False
2025-07-01,1.0,0.6666666666666666,0.4714045207910317,0.7071067811865476,West  Bengal,False
2025-08-01,1.0,0.6666666666666666,0.4714045207910317,0.7071067811865476,West  Bengal,False
2025-09-01,1.0,0.8333333333333334,0.372677996249965,0.44721359549995776,West  Bengal,False
2025-10-01,1.0,0.8333333333333334,0.372677996249965,0.44721359549995776,West  Bengal,False
2025-11-01,1.0,0.8333333333333334,0.372677996249965,0.44721359549995776,West  Bengal,False
2025-12-01,1.0,1.0,0.0,,West  Bengal,False
2025-01-01,0.0,,,,West Bangal,False
2025-02-01,0.0,,,,West Bangal,False
2025-03-01,1.0,0.3333333333333333,0.4714045207910317,1.4142135623730951,West Bangal,False
2025-04-01,0.0,0.25,0.43301270189221935,-0.5773502691896257,West Bangal,False
2025-05-01,0.0,0.2,0.4,-0.5,West Bangal,False
2025-06-01,0.0,0.16666666666666666,0.372677996249965,-0.44721359549995787,West Bangal,False
2025-08-01,0.0,0.16666666666666666,0.372677996249965,-0.44721359549995787,West Bangal,False
2025-10-01,0.0,0.16666666666666666,0.372677996249965,-0.44721359549995787,West Bangal,False
2025-11-01,1.0,0.16666666666666666,0.372677996249965,2.2360679774997894,West Bangal,False
2025-12-01,0.0,0.16666666666666666,0.372677996249965,-0.44721359549995787,West Bangal,False
2025-01-01,1400.0,,,,West Bengal,False
2025-02-01,1232.0,,,,West Bengal,False
2025-03-01,1240.0,1290.6666666666667,77.37929668558353,-0.6547832409557995,West Bengal,False
2025-04-01,1223.0,1273.75,73.13813984509041,-0.6938924083589026,West Bengal,False
2025-05-01,938.0,1206.6,149.3848720587195,-1.7980401649667703,West Bengal,False
2025-06-01,1180.0,1202.1666666666667,136.72894922274344,-0.1621212390841628,West Bengal,False
2025-07-01,662.0,1079.1666666666667,213.7119686764303,-1.9520042291046233,West Bengal,False
2025-08-01,1243.0,1081.0,215.05813167606559,0.7532846990599492,West Bengal,False
2025-09-01,1292.0,1089.6666666666667,222.21961109577055,0.9105106985635627,West Bengal,False
2025-10-01,1271.0,1097.6666666666667,227.67276712178128,0.7613265983657058,West Bengal,False
2025-11-01,1232.0,1146.6666666666667,219.528029088669,0.3887127019159202,West Bengal,False
2025-12-01,1201.0,1150.1666666666667,220.19795387080427,0.23085288686723432,West Bengal,False
2025-06-01,0.0,,,,West Bengli,False
2025-01-01,0.0,,,,Westbengal,False
2025-03-01,0.0,,,,Westbengal,False
2025-04-01,0.0,0.0,0.0,,Westbengal,False
2025-05-01,1.0,0.25,0.4330127018922193,1.7320508075688774,Westbengal,False
2025-06-01,0.0,0.2,0.4,-0.5,Westbengal,False
2025-07-01,0.0,0.16666666666666666,0.37267799624996495,-0.4472135954999579,Westbengal,False
2025-08-01,0.0,0.16666666666666666,0.37267799624996495,-0.4472135954999579,Westbengal,False
2025-11-01,0.0,0.16666666666666666,0.37267799624996495,-0.4472135954999579,Westbengal,False
2025-12-01,1.0,0.3333333333333333,0.4714045207910317,1.4142135623730951,Westbengal,False
